mainRibbonTabWorkbenchCapture;Werkbank
mainRibbonTabMetadataCapture;Stambestanden
mainRibbonManageTimeButtonLabel;Tijdregistratie
mainRibbonManageTimeGroupHeader;Tijdregistratie
mainRibbonManageTimeEditHeader;Bewerken
mainRibbonManageTimeEditTooltip;Registreren van de gewerkte uren en gebruikte materialen
mainRibbonManageTimeExportHeader;Exporteer uren
mainRibbonManageTimeExportTooltip;Exporteer de vastgelegde uren naar een CSV bestand
mainRibbonManageTimeImportHeader;Importeer uren
mainRibbonManageTimeImportTooltip;Importeer vastgelegde uren uit een CSV bestand
mainRibbonManageTimeReportHeader;Urenrapportage
mainRibbonManageTimeReportTooltip;Bekijk de vastgelijgde uren per projecte
mainRibbonManageProjectButtonLabel;Projecten
mainRibbonManageProjectGroupHeader;Projectenbeheer
mainRibbonManageProjectEditHeader;Beheer
mainRibbonManageProjectEditTooltip;Registratie en beheer van alle modelbouw projecten
mainRibbonManageProjectExportHeader;Exporteer projecten
mainRibbonManageProjectExportTooltip;Exporteer de projecten naar een CSV bestand
mainRibbonManageProjectImportHeader;Importeer projecten
mainRibbonManageProjectImportTooltip;Importeer projecten uit een CSV bestand
mainRibbonManageProjectReportHeader;Projectenoverzicht
mainRibbonManageProjectReportTooltip;Overzicht van alle projecten
mainRibbonManageStorageButtonLabel;Beheer
mainRibbonManageStorageGroupHeader;Voorraadbeheer
mainRibbonManageStorageMutationsHeader;Voorraadbeheer
mainRibbonManageStorageMutationsTooltip;Voorraad correcties doorvoeren
mainRibbonManageStorageOrderHeader;Bestellingen
mainRibbonManageStorageOrderTooltip;Openstaande bestellingen beheren
mainRibbonManageStorageReceiptHeader;Ontvangsten
mainRibbonManageStorageReceiptTooltip;Ontvangsten boeken op lopende bestelling
mainRibbonManageStorageReportHeader;Overzichten
mainRibbonManageStorageReportTooltip;Beschikbare overzichten betreffende de voorraad
mainRibbonManageStorageReportOrdersHeader;Bestellingen
mainRibbonManageStorageReportOrdersTooltip;Overzicht van alle openstaande bestellingen
mainRibbonManageStorageReportStorageHeader;Voorraadoverzicht
mainRibbonManageStorageReportStorageTooltip;Overzicht van de actuele voorraad
mainRibbonManageStorageReportUsageHeader;Verbruik
mainRibbonManageStorageReportUsageTooltip;Overzicht van het product gebruik per project
mainRibbonManageMetadataButtonLabel;Stambestanden
mainRibbonManageMetadataGroupHeader;Stambestanden
mainRibbonManageMetadataBrandGroupHeader;Merken beheer
mainRibbonManageMetadataBrandEditLabel;Merken
mainRibbonManageMetadataBrandEditTooltip;Merken beheren
mainRibbonManageMetadataBrandExportHeader;Exporteren
mainRibbonManageMetadataBrandExportTooltip;Exporteer alle merken naar een CSV bestand
mainRibbonManageMetadataBrandImportHeader;Importeren
mainRibbonManageMetadataBrandImportTooltip;Importeer alle merken uit een CSV bestand
mainRibbonManageMetadataCategoryGroupHeader;Categoriebeheer
mainRibbonManageMetadataCategoryEditLabel;Categorieën
mainRibbonManageMetadataCategoryEditTooltip;Categorieën beheren
mainRibbonManageMetadataCategoryExportHeader;Exporteren
mainRibbonManageMetadataCategoryExportTooltip;Exporteer alle categorieën naar een CSV bestand
mainRibbonManageMetadataCategoryImportHeader;Importeren
mainRibbonManageMetadataCategoryImportTooltip;Importeer alle categorieën uit een CSV bestand, maak eerst een export van het huidige CSV bestand zodat alle Id`s overeenkomen
mainRibbonManageMetadataCountryGroupHeader;Landen beheren
mainRibbonManageMetadataCountryEditLabel;Landen
mainRibbonManageMetadataCountryEditTooltip;Landen beheren
mainRibbonManageMetadataCountryExportHeader;Exporteren
mainRibbonManageMetadataCountryExportTooltip;Exporteer landen
mainRibbonManageMetadataCountryImportHeader;Importeren
mainRibbonManageMetadataCountryImportTooltip;Importeer landen
mainRibbonManageMetadataCountryReportHeader;Overzicht landen
mainRibbonManageMetadataCurrencyGroupHeader;Valuta beheren
mainRibbonManageMetadataCurrencyEditLabel;Valuta
mainRibbonManageMetadataCurrencyEditTooltip;Valuta
mainRibbonManageMetadataCurrencyExportHeader;Exporteren
mainRibbonManageMetadataCurrencyExportTooltip;Exporteer valuta
mainRibbonManageMetadataCurrencyImportHeader;Importeren
mainRibbonManageMetadataCurrencyImportTooltip;Importeer valuta
mainRibbonManageMetadataProductGroupHeader;Artikelbeheer
mainRibbonManageMetadataProductEditLabel;Artikelen
mainRibbonManageMetadataProductEditTooltip;Artikelen beheren
mainRibbonManageMetadataProductExportHeader;Exporteren
mainRibbonManageMetadataProductExportTooltip;Exporteer alle artikelen naar een CSV bestand
mainRibbonManageMetadataProductImportHeader;Importeren
mainRibbonManageMetadataProductImportTooltip;Importeer artikelen uit een CSV bestand
mainRibbonManageMetadataProductSupplierExportHeader;(per leverancier)
mainRibbonManageMetadataProductSupplierExportTooltip;Exporteer alle artikelen per leverancier naar een CSV bestand
mainRibbonManageMetadataProductSupplierImportHeader;(per leverancier)
mainRibbonManageMetadataProductSupplierImportTooltip;Importeer alle artikelen per leverancier uit een CSV bestand
mainRibbonManageMetadataStorageLocationGroupHeader;Voorraadlocatiebeheer
mainRibbonManageMetadataStorageLocationEditLabel;Locaties
mainRibbonManageMetadataStorageLocationEditTooltip;Het beheren van de voorraad locaties
mainRibbonManageMetadataStorageLocationExportHeader;Exporteren
mainRibbonManageMetadataStorageLocationExportTooltip;Exporteer locaties
mainRibbonManageMetadataStorageLocationImportHeader;Importeren
mainRibbonManageMetadataStorageLocationImportTooltip;Importeer locaties
mainRibbonManageMetadataSupplierGroupHeader;Leveranciers beheren
mainRibbonManageMetadataSupplierEditLabel;Leveranciers
mainRibbonManageMetadataSupplierEditTooltip;Leveranciers beheren
mainRibbonManageMetadataSupplierExportHeader;Exporteren
mainRibbonManageMetadataSupplierExportTooltip;Exporteer leveranciers
mainRibbonManageMetadataSupplierImportHeader;Importeren
mainRibbonManageMetadataSupplierImportTooltip;Importeer leveranciers
mainRibbonManageMetadataSupplierReportHeader;Overzicht
mainRibbonManageMetadataSupplierReportTooltip;Overzicht producten per leverancier
mainRibbonManageMetadataSupplierContactEditLabel;Contacten
mainRibbonManageMetadataSupplierContactEditTooltip;Contactpersonen per leverancier beheren
mainRibbonManageMetadataSupplierContactExportHeader;Exporteren
mainRibbonManageMetadataSupplierContactExportTooltip;Exporteer contactpersonen per leverancier
mainRibbonManageMetadataSupplierContactImportHeader;Importeren
mainRibbonManageMetadataSupplierContactImportTooltip;Importeer contactpersonen per leveranciers
mainRibbonManageMetadataSupplierContactTypeEditLabel;Functies
mainRibbonManageMetadataSupplierContactTypeEditTooltip;Functies voor contactpersonen beheren
mainRibbonManageMetadataSupplierContactTypeExportHeader;Exporteren
mainRibbonManageMetadataSupplierContactTypeExportTooltip;Exporteer contact functies
mainRibbonManageMetadataSupplierContactTypeImportHeader;Importerens
mainRibbonManageMetadataSupplierContactTypeImportTooltip;Importeer contact functies
mainRibbonManageMetadataUnitGroupHeader;Eenheden beheer
mainRibbonManageMetadataUnitEditLabel;Eenheden
mainRibbonManageMetadataUnitEditTooltip;Beheer Eenheden
mainRibbonManageMetadataUnitExportHeader;Exporteren
mainRibbonManageMetadataUnitExportTooltip;Exporteer eenheden naar een CSV bestand
mainRibbonManageMetadataUnitImportHeader;Importeren
mainRibbonManageMetadataUnitImportTooltip;Importeer eenheden uit een CSV bestand
mainRibbonManageMetadataWorktypeGroupHeader;Werksoorten beheren
mainRibbonManageMetadataWorktypeEditLabel;Werksoorten
mainRibbonManageMetadataWorktypeEditTooltip;Werksoorten beheren
mainRibbonManageMetadataWorktypeExportHeader;Exporteren
mainRibbonManageMetadataWorktypeExportTooltip;Exporteer werksoorten
mainRibbonManageMetadataWorktypeImportHeader;Importeren
mainRibbonManageMetadataWorktypeImportTooltip;Importeer werksoorten
ExportButtonLabel;Exporteer
ExportButtonTooltip;Selecteer de map waarin het, te exporteren, CSV bestand komt te staan
ExportButtonFoldername;Geen map geselecteerd!
ImportButtonFilename;Geen CSV-bestand geselecteerd!
ImportButtonPrepareLabel;CSV voorbereiden
ImportButtonPrepareTooltip;Creëer een (leeg) CSV bestand met alleen de noodzakelijke headers voor import, dit bestand kan onder de header worden aangevuld met de te importeren data
ImportButtonLabel;CSV importeren
ImportButtonTooltip;Importeer een CSV bestand
MessageboxDefaultTitle;Mededeling
ImportFileDialogDescription;Map voor voorbereide csv bestand, met noodzakelijke velden
ImportMessageboxErrorUnknown;Onbekende fout
ImportMessageboxErrorUnknownLong;Er is een onbekende fout opgetreden
ImportMessageboxErrorInline;van regel
ImportMessageboxErrorLine;Fout in regel
ImportMessageboxErrorMessage;Fouten gevonden tijdens importeren
ImportMessageboxErrorExistingLong;Bestaat al in de tabel
ImportMessageboxErrorExistingShort;Bestaat al
TimeFormatJaar;jaar
TimeFormatJaren;jaren
TimeFormatMonth;maand
TimeFormatMonths;maanden
TimeFormatWeek;week
TimeFormatWeeks;weken
TimeFormatDay;dag
TimeFormatDays;dagen
TimeFormatHour;uur
TimeFormatHours;uren
TimeFormatMinute;minuut
TimeFormatMinutes;minuten
TimeFormatAnd;en
TimeFormatNoTime;Geen totaaltijd beschikbaar
ExportStatuslineText;Status:
ExportStatuslinePrefixError;Fout in regel
ExportStatuslinePrefixAdded;Toegevoegd:
ExportStatuslineDescription;Geen regels weggeschreven
ExportStatuslineCompletedSingle;regel verwerkt
ExportStatuslineCompletedOkSingle;regels correct weggeschreven
ExportStatuslineCompletedOk;regels correct weggeschreven
ExportStatuslineCompletedErrorSingle;regel overgeslagen vanwege fouten
ExportStatuslineCompletedError;regels overgeslagen vanwege fouten
ExportStatuslineCompleted;regels verwerkt
ImportStatuslineCompletedPrepare;CSV Bestand voorbereid in:
ImportStatuslineCompleted;regels verwerkt
ImportStatuslineCompletedSingle;regel verwerkt
ImportStatuslineCompletedErrorSingle;regel overgeslagen vanwege fouten
ImportStatuslineCompletedError;regels overgeslagen vanwege fouten
ImportStatuslineCompletedOk;regels correct ingelezen
ImportStatuslineCompletedOkSingle;regel correct ingelezen
ImportStatuslineDescription;Geen regels ingelezen
ImportStatuslinePrefixAdded;Toegevoegd:
ImportStatuslinePrefixError;Fout in regel
ImportStatuslineText;Status:
ImportStatuslineNone;Geen
MaintananceStatuslineReadNone;Geen regels ingelezen
MaintananceStatuslineReadSingle;Regel ingelezen
MaintananceStatuslineRead;Regels ingelezen
MaintananceStatuslineNone;Geen
MaintananceStatuslineNotSavedAlreadyExcists;Niet opgeslagen, bestaat al
MaintananceStatuslineNotSavedAlreadyExcistsPrefix;Niet opgeslagen,
MaintananceStatuslineNotSavedAlreadyExcistsConcat;en
MaintananceStatuslineNotSavedAlreadyExcistsSuffix;bestaan al
MaintananceStatuslineNotSavedAlreadyExcistsSuffixSingle;bestaat al
MaintananceStatuslineNotSavedUnchanged;Niet opgeslagen, niets gewijzigd of bestaat al
MaintananceStatuslineNotSavedEmpty;Niet opgeslagen, niets ingevoerd
MaintananceStatuslineNotSavedAdded;is toegevoegd
MaintananceStatuslineNotSavedChanged;zijn gewijzigd
MaintananceStatuslineNotSavedDataOf;De gegevens van
MaintananceStatuslineDeleted;Regel is verwijderd
MaintananceStatuslineNotDeleted;Regel is niet verwijderd
MaintananceStatuslineUpdated;is gewijzigd
MaintananceStatuslineNotUpdated;is niet gewijzigd
MaintananceMailSubject;Verzoek om informatie
MaintananceMailSalution;Beste
MaintananceMailSalutionMorning;Goedenmorgen
MaintananceMailSalutionAfternoon;Goedenmiddag
MaintananceMailSalutionEvening;Goedenavond
MaintananceMailSalutionNight;Goedennacht
ToolBarButtonImageAddLabel;Afbeelding laden
ToolBarButtonImageRemoveLabel;Afbeelding verwijderen
ToolBarButtonImageRotateLabel;Afbeelding 45° draaien
SfDataGridGroupBoxTooltip;Sleep de kolomkop hier naartoe om op te groeperen, meerdere kolommen zijn mogelijk
SfDataGridGroupBoxText;Sleep kolomkoppen hier naartoe om op te groeperen
ExportBrandTitle;Merken Exporteren
ExportBrandSubtitle;Exporteer merken naar een CSV bestand
ExportBrandFilename;Merken
ExportBrandButtonLabel;Merk
ExportBrandButtonTooltip;Selecteer het te importeren CSV bestand met merken
ExportBrandEmpty;Er zijn geen merken beschikbaar om te exporteren
ExportBrandButtonText;Merken
ImportBrandTitle;Merken Importeren
ImportBrandSubtitle;Importeer merken uit een CSV bestand, hierin staan uitsluitend merknamen
ImportBrandFilename;Merken
ImportBrandMessageboxErrorExistingLong;Merk bestaat al in de tabel
ImportBrandMessageboxErrorExistingShort;Merk Bestaat al
ImportBrandButtonLabel;Merk
ImportBrandButtonTooltip;Selecteer het te importeren CSV bestand met merken (bestand moet een geldige header bevatten, gebruik de kop CSV voorbereiden voor een bestand met de header)
ImportBrandFileDialogDescription;Selecteer het te importeren CSV bestand met merken
ImportBrandFileDialogFilterText;CSV Bestanden
EditBrandTitle;Merken beheren
EditBrandSubtitle;Wijzig een merk, voeg toe of verwijder
EditBrandNameLabel;Merknaam:
EditBrandNameTag;Merknaam
EditBrandActionTooltipAdd;Merk toevoegen aan de tabel
EditBrandActionTooltipDelete;Geselecteerde merk verwijderen uit de tabel
EditBrandActionTooltipSave;Gewijzigde merk opslaan
EditBrandDataGridHeaderId;Id
EditBrandDataGridHeaderName;Merknaam
ExportCategoryTitle;Categoriën Exporteren
ExportCategorySubtitle;Exporteer categoriën naar een CSV bestand
ExportCategoryFilename;Categoriën
ExportCategoryButtonLabel;Categorie
ExportCategoryButtonTooltip;Selecteer het te importeren CSV bestand met categoriën
ExportCategoryEmpty;Er zijn geen categoriën beschikbaar om te exporteren
ExportCategoryButtonText;Categoriën
ImportCategoryTitle;Categoriën Importeren
ImportCategorySubtitle;Importeer categoriën uit een CSV bestand
ImportCategoryFilename;Categorie
ImportCategoryMessageboxErrorExistingLong;Ingelezen categorie bestaat al in de tabel
ImportCategoryMessageboxErrorExistingShort;Categorie Bestaat al
ImportCategoryButtonLabel;Categorie
ImportCategoryButtonTooltip;Selecteer het te importeren CSV bestand met categoriën
ImportCategoryFileDialogDescription;Selecteer het te importeren CSV bestand met categorieën
ImportCategoryFileDialogFilterText;CSV Bestanden

ImportCategoryButtonText;Categoriën

EditCategoryTitle;Categorieen beheren
EditCategorySubtitle;Wijzig een categorie, voeg toe of verwijder
EditCategoryNameLabel;Categorienaam:
EditCategoryNameTag;Categorienaam
EditCategoryActionTooltipAddTask;Categorie toevoegen aan de tabe, op niveau van geselecteerde categoriel
EditCategoryActionTooltipAddSubTask;Categorie toevoegen aan de tabel, met geselecteerde categorie als hoofdcategorie
EditCategoryActionTooltipDelete;Geselecteerde categorie, en onderliggende subcategoriën, verwijderen uit de tabel
EditCategoryActionTooltipSave;Gewijzigde categorie opslaan
EditCategoryActionContextMenuLabelExpand;Categoriën openklappen
EditCategoryActionContextMenuLabelCollapse;Categoriën dichtklappen
EditCategoryActionContextMenuLabelSave;Wijzigingen opslaan
EditCategoryActionContextMenuLabelAddTask;Categorie toevoegen
EditCategoryActionContextMenuLabelAddSubTask;Subcategorie toevoegen
EditCategoryActionContextMenuLabelDeleteTask;Verwijder categorie
EditCategoryActionTooltipExpand;Alle (sub)categoriën openklappen
EditCategoryActionTooltipCollapse;Alle (sub)categoriën dicktklappen
EditCategoryDataGridHeaderId;Id
EditCategoryDataGridHeaderParentId;Ouder Id
EditCategoryDataGridHeaderFullpath;Volledig pad
EditCategoryDataGridHeaderName;Categorienaam
ExportCountryTitle;Landen Exporteren
ExportCountrySubtitle;Exporteer landen naar een CSV bestand
ExportCountryFilename;Landen
ExportCountryButtonLabel;Land
ExportCountryButtonTooltip;Selecteer het te importeren CSV bestand met landen
ExportCountryEmpty;Er zijn geen landen beschikbaar om te exporteren
ExportCountryButtonText;Landen
ImportCountryTitle;Landen Importeren
ImportCountrySubtitle;Importeer landen uit een CSV bestand, hierin staan uitsluitend landnamen
ImportCountryFilename;Importeer landen
ImportCountryMessageboxErrorExistingLong;Ingelezen land bestaat al in de tabel
ImportCountryMessageboxErrorExistingShort;Land Bestaat al
ImportCountryButtonLabel;Land
ImportCountryButtonTooltip;Selecteer het te importeren CSV bestand met landen
ImportCountryFileDialogDescription;Selecteer het te importeren CSV bestand met landen
ImportCountryFileDialogFilterText;CSV Bestanden
ImportCountryButtonText;Landen
EditCountryTitle;Landen beheren
EditCountrySubtitle;Wijzig een land, voeg toe of verwijder
EditCountryCodeLabel;Zoekcode:
EditCountryCodeTag;Zoekcode
EditCountryNameLabel;Landnaam:
EditCountryNameTag;Landnaam
EditCountryCurrencyLabel;Standaard valuta:
EditCountryCurrencyTag;Selecteer valuta
EditCountryActionTooltipAdd;Land toevoegen aan de tabel
EditCountryActionTooltipDelete;Geselecteerde land verwijderen uit de tabel
EditCountryActionTooltipSave;Gewijzigde land opslaan
EditCountryDataGridHeaderId;Id
EditCountryDataGridHeaderName;Landnaam
EditCountryDataGridHeaderCode;Zoeknaam
EditCountryDataGridHeaderCurrencyId;ValutaId
EditCountryDataGridHeaderCurrencySymbol;Valuta
ExportCurrencyTitle;Valuta Exporteren
ExportCurrencySubtitle;Exporteer valuta naar een CSV bestand
ExportCurrencyFilename;Valuta
ExportCurrencyButtonLabel;Valuta
ExportCurrencyButtonTooltip;Selecteer het te importeren CSV bestand met valuta
ExportCurrencyEmpty;Er zijn geen valuta beschikbaar om te exporteren
ExportCurrencyButtonText;Valuta
ImportCurrencyTitle;Valuta Importeren
ImportCurrencySubtitle;Importeer valuta uit een CSV bestand, hierin staan uitsluitend valutanamen
ImportCurrencyFilename;Importeer valuta
ImportCurrencyMessageboxErrorExistingLong;Ingelezen valuta bestaat al in de tabel
ImportCurrencyMessageboxErrorExistingShort;Valuta Bestaat al
ImportCurrencyButtonLabel;Valuta
ImportCurrencyButtonTooltip;Selecteer het te importeren CSV bestand met valuta
ImportCurrencyFileDialogDescription;Selecteer het te importeren CSV bestand met valuta
ImportCurrencyFileDialogFilterText;CSV Bestanden
ImportCurrencyButtonText;Valuta
EditCurrencyTitle;Valuta beheren
EditCurrencySubtitle;Wijzig een valuta, voeg toe of verwijder
EditCurrencyCodeLabel;Zoeknaam:
EditCurrencyCodeTag;ZOEK
EditCurrencyCodeTooltip;Verkorte naam om deze valuta te kunnen vinden
EditCurrencyNameLabel;Valutanaam:
EditCurrencyNameTag;Valuta
EditCurrencyNameTooltip;Naam voor deze valuta
EditCurrencySymbolLabel;Symbool:
EditCurrencySymbolTag;Symbool
EditCurrencySymbolTooltip;Valuta symbool
EditCurrencyRateLabel;Wisselkoers:
EditCurrencyRateTag;Koers
EditCurrencyRateTooltip;Gemiddelde wisselkoers naar euro
EditCurrencyActionTooltipAdd;Valuta toevoegen aan de tabel
EditCurrencyActionTooltipDelete;Geselecteerde valuta verwijderen uit de tabel
EditCurrencyActionTooltipSave;Gewijzigde valuta opslaan
EditCurrencyDataGridHeaderId;Id
EditCurrencyDataGridHeaderCode;Zoeknaam
EditCurrencyDataGridHeaderName;Naam
EditCurrencyDataGridHeaderConversionRate;Koers
EditCurrencyDataGridHeaderCurrencySymbol;Valuta
ExportStorageLocationTitle;Voorraadlocaties Exporteren
ExportStorageLocationSubtitle;Exporteer voorraadlocaties naar een CSV bestand
ExportStorageLocationFilename;Voorraadlocaties
ExportStorageLocationButtonLabel;Voorraadlocatie
ExportStorageLocationButtonTooltip;Selecteer het te importeren CSV bestand met voorraadlocaties
ExportStorageLocationEmpty;Er zijn geen voorraadlocaties beschikbaar om te exporteren
ExportStorageLocationButtonText;Voorraadlocaties
ImportStorageLocationTitle;Voorraadlocaties Importeren
ImportStorageLocationSubtitle;Importeer voorraadlocaties uit een CSV bestand, hierin staan uitsluitend voorraadlocatienamen
ImportStorageLocationFilename;Importeer voorraadlocaties
ImportStorageLocationMessageboxErrorExistingLong;Ingelezen voorraadlocatie bestaat al in de tabel
ImportStorageLocationMessageboxErrorExistingShort;Voorraadlocatie Bestaat al
ImportStorageLocationButtonLabel;Voorraadlocatie
ImportStorageLocationButtonTooltip;Selecteer het te importeren CSV bestand met voorraadlocaties
ImportStorageLocationFileDialogDescription;Selecteer het te importeren CSV bestand met voorraadlocaties
ImportStorageLocationFileDialogFilterText;CSV Bestanden
ImportStorageLocationButtonText;Voorraadlocaties
EditStorageTitle;Voorraad locaties beheren
EditStorageSubtitle;Wijzig een locatie, voeg toe of verwijder
EditStorageNameLabel;Locatienaam:
EditStorageNameTag;Locatienaam
EditStorageNameTooltip;Omschrijving van de opslaglocaties
EditStorageActionTooltipAddTask;Locatie toevoegen aan de tabel, op niveau van geselecteerde locatie
EditStorageIdLabel;Id:
EditStorageIdTag;Id
EditStorageIdTooltip;Id
EditStorageParentIdLabel;ParentId:
EditStorageParentIdTag;ParentId
EditStorageParentIdTooltip;ParentId
EditStorageActionTooltipAddSubTask;Locatie toevoegen aan de tabel, met geselecteerde locatie als hoofdlocatie
EditStorageActionTooltipDelete;Geselecteerde locatie, en onderliggende locaties, verwijderen uit de tabel
EditStorageActionTooltipSave;Gewijzigde locatie opslaan
EditStorageActionContextMenuLabelExpand;Locaties openklappen
EditStorageActionContextMenuLabelCollapse;Locaties dichtklappen
EditStorageActionContextMenuLabelSave;Wijzigingen opslaan
EditStorageActionContextMenuLabelAddTask;Locatie toevoegen
EditStorageActionContextMenuLabelAddSubTask;Sublocatie toevoegen
EditStorageActionContextMenuLabelDeleteTask;Verwijder locatie
EditStorageActionTooltipExpand;Alle (sub)locaties openklappen
EditStorageActionTooltipCollapse;Alle (sub)locaties dicktklappen
EditStorageDataGridHeaderId;Id
EditStorageDataGridHeaderName;Locatienaam
ExportProductTitle;Artikelen Exporteren
ExportProductSubtitle;Exporteer artikelen naar een CSV bestand
ExportProductFilename;Artikelen
ExportProductButtonLabel;Artikel
ExportProductButtonTooltip;Selecteer het te importeren CSV bestand met artikelen
ExportProductEmpty;Er zijn geen artikelen beschikbaar om te exporteren
ExportProductButtonText;Artikelen
ImportProductTitle;Artikelen Importeren
ImportProductSubtitle;Importeer artikelen uit een CSV bestand, hierin staan uitsluitend Artikelnamen
ImportProductFilename;Importeer artikelen
ImportProductMessageboxErrorExistingLong;Ingelezen artikel bestaat al in de tabel
ImportProductMessageboxErrorExistingShort;Artikel Bestaat al
ImportProductButtonLabel;Artikel
ImportProductButtonTooltip;Selecteer het te importeren CSV bestand met artikelen
ImportProductFileDialogDescription;Selecteer het te importeren CSV bestand met artikelen
ImportProductFileDialogFilterText;CSV Bestanden
ImportProductButtonText;Artikelen
EditProductTitle;Produkten beheren
EditProductSubtitle;Wijzig een produkt, voeg toe of verwijder
EditProductNameLabel;Produktnaam:
EditProductNameTag;Produktnaam
EditProductActionTooltipAdd;Produkt toevoegen aan de tabel
EditProductActionTooltipDelete;Geselecteerde produkt verwijderen uit de tabel
EditProductActionTooltipSave;Gewijzigde produkt opslaan
EditProductDataGridHeaderId;Id
EditProductDataGridHeaderName;Produktnaam
EditProductDataGridHeaderCategory;Categorie
EditProductDataGridHeaderCode;Zoeknaam
EditProductTabGeneralLabel;Produkt gegevens
EditProductTabGeneralGroupGeneralText;Produkt gegevens
EditProductTabGeneralGroupGeneralCodeLabel;Zoeknaam
EditProductTabGeneralGroupGeneralCodeTag;Zoeknaam
EditProductTabGeneralGroupGeneralCodeTooltip;Geef de zoeknaam voor dit produkt
EditProductTabGeneralGroupGeneralBrandLabel;Merk
EditProductTabGeneralGroupGeneralBrandTag;Selecteer merk
EditProductTabGeneralGroupGeneralBrandTooltip;Welk merk
EditProductTabGeneralGroupGeneralNameLabel;Produkt naam
EditProductTabGeneralGroupGeneralNameTag;Produktnaam
EditProductTabGeneralGroupGeneralNameTooltip;Geef de naam van dit produkt
EditProductTabGeneralGroupGeneralCategoryLabel;Categorie
EditProductTabGeneralGroupGeneralCategoryTag;Categorie
EditProductTabGeneralGroupGeneralCategoryTooltip;Tot welke categorie behoort dit produkt
EditProductTabNewProductWarning;Let op dit product is nog niet opgeslagen
EditProductTabStatuslineDeleted;is verwijderd
EditProductTabStatuslineHidden;is verborgen (voor behoud history)
EditProductTabGeneralGroupInventoryText;Voorraad gegevens
EditProductTabGeneralGroupInventoryMinStockLabel;Minimale voorraad
EditProductTabGeneralGroupInventoryMinStockTag;Minimale voorraad
EditProductTabGeneralGroupInventoryMinStockTooltip;Vanaf welke hoeveelheid moet dit produkt worden besteld
EditProductTabGeneralGroupInventoryQuantityLabel;Bestel per
EditProductTabGeneralGroupInventoryQuantityTag;Hoeveelheid
EditProductTabGeneralGroupInventoryQuantityTooltip;Per hoeveel dient dit produkt te worden besteld
EditProductTabGeneralGroupInventoryPackingUnitLabel;Eenheid
EditProductTabGeneralGroupInventoryPackingUnitTag;Eenheid
EditProductTabGeneralGroupInventoryPackingUnitTooltip;Wordt dit produkt bijvoorbeeld per stuk, per fles of per liter verkocht
EditProductTabGeneralGroupInventoryDimensionsLabel;Afmetingen
EditProductTabGeneralGroupInventoryDimensionsTag;Afmeting
EditProductTabGeneralGroupInventoryDimensionsTooltip;Wat zijn de maten van dit product
EditProductTabGeneralGroupInventoryLocationLabel;Voorraad lokatie
EditProductTabGeneralGroupInventoryLocationTag;Lokatie
EditProductTabGeneralGroupInventoryLocationTooltip;Waar wordt dit product opgeslagen
EditProductTabGeneralGroupProjectText;Projekt gegevens
EditProductTabGeneralGroupProjectPriceLabel;Kostprijs
EditProductTabGeneralGroupProjectPriceSufixLabel;per
EditProductTabGeneralGroupProjectPriceTag;Kostprijs
EditProductTabGeneralGroupProjectPriceTooltip;Wat is de kostprijs van dit produkt, voor de calculaties
EditProductTabGeneralGroupProjectPackagePriceLabel;Kostprijs per verpakking
EditProductTabGeneralGroupProjectPackagePricePrefixLabel;Kostprijs per
EditProductTabGeneralGroupProjectPackagePriceTag;Verpakkingsprijs
EditProductTabGeneralGroupProjectPackagePriceTooltip;Wat is de kostprijs ver verpakking (Kostprijs x besteld per) van dit produkt, voor de calculaties
EditProductTabGeneralGroupProjectProjectCostsLabel;Project kosten
EditProductTabGeneralGroupProjectProjectCostsTag;Project Kosten
EditProductTabGeneralGroupProjectProjectCostsTooltip;Moet dit produkt worden meegerekend bij de project kosten
EditProductTabMemoLabel;Aanvullende informatie
EditProductTabSupplierLabel;Leveranciers
EditProductTabSupplierActionTooltipAdd;Produkt leverancier toevoegen aan de tabel
EditProductTabSupplierActionTooltipDelete;Geselecteerde leverancier verwijderen uit de tabel (voor het geselecteerde product)
EditProductTabSupplierActionTooltipSave;Gewijzigde produkt leverancier opslaan
EditProductTabSupplierIdHeader;Id
EditProductTabSupplierProductIdHeader;ProductId
EditProductTabSupplierSupplierIdHeader;LeverancierId
EditProductTabSupplierCurrencyIdHeader;ValutaId
EditProductTabSupplierDefaultSupplierHeader;Std
EditProductTabSupplierSupplierHeader;Leverancier
EditProductTabSupplierProductNumberHeader;Artikelnummer
EditProductTabSupplierPriceHeader;Prijs
EditProductTabSupplierGroupGeneralTitleHeader;Product informatie per leverancier
EditProductTabSupplierGroupGeneralSupplierLabel;Leverancier
EditProductTabSupplierGroupGeneralSupplierTag;Selecteer leverancier
EditProductTabSupplierGroupGeneralSupplierTooltip;Selecteer de leverancier die dit product levert
EditProductTabSupplierGroupGeneralSupplierOrderTag;Selecteer bestelling
EditProductTabSupplierGroupGeneralSupplierOrderTooltip;Selecteer eventueel een bestaande bestelling
EditProductTabSupplierGroupGeneralProductNumberSupplierLabel;Artikelnummer leverancier
EditProductTabSupplierGroupGeneralProductNumberSupplierTag;Artikelnummer leverancier
EditProductTabSupplierGroupGeneralProductNumberSupplierTooltip;Selecteer de leverancier die dit product levert
EditProductTabSupplierGroupGeneralDescriptionLabel;Omschrijving
EditProductTabSupplierGroupGeneralDescriptionTag;Omschrijving
EditProductTabSupplierGroupGeneralDescriptionTooltip;Product omschrijving van de leverancier (Laat leeg voor standaard omschrijving)
EditProductTabSupplierGroupGeneralPriceLabel;Prijs
EditProductTabSupplierGroupGeneralPriceTag;0,00
EditProductTabSupplierGroupGeneralPriceTooltip;Wat kost dit product bij deze leverancier
EditProductTabSupplierGroupGeneralUrlLabel;Product website
EditProductTabSupplierGroupGeneralUrlTag;Website
EditProductTabSupplierGroupGeneralUrlTooltip;Link naar de website van dit product bij deze leverancier
EditProductTabSupplierGroupGeneralUrlButtonTooltip;Open de website van dit product bij deze leverancier in de browser
EditProductTabSupplierGroupGeneralDefaultSupplierLabel;Standaard leverancier
EditProductTabSupplierGroupGeneralDefaultSupplierTag;Strandaard
EditProductTabSupplierGroupGeneralDefaultSupplierTooltip;Moet dit product standaard bij deze leverancier worden besteld
EditProductTabInventoryLabel;Voorraad
EditInventoryTitle;Voorraadbeheer
EditInventorySubtitle;Voorraadoverzicht van alle artikelen
EditInventoryDataGridHeaderId;Id
EditInventoryDataGridHeaderCode;Zoeknaam
EditInventoryDataGridHeaderName;Produkt
EditInventoryDataGridHeaderPrice;Prijs
EditInventoryDataGridHeaderMinStock;Minimaal
EditInventoryDataGridHeaderCategory;Categorie
EditInventoryDataGridHeaderLocation;Lokatie
EditInventoryDataGridHeaderInventory;Voorraad
EditInventoryDataGridHeaderValue;Waarde
EditInventoryDataGridHeaderInOrder;Besteld
EditInventoryDataGridHeaderVirtualInventory;Virtuele voorraad
EditInventoryDataGridHeaderVirtualValue;Virtuele waarde
EditInventoryDataGridHeaderShort;Tekort
EditInventoryDataGridHeaderTempShort;Tijdelijk tekort
EditInventoryDataGridFilterSearchSearchTag;Zoek in de lijst naar
EditInventoryDataGridFilterSearchSearchTooltip;Zoek en markeer de hier ingevoerde tekst in onderstaande lijst en markeer
EditInventoryDataGridFilterSearchSearchClearTooltip;Verwijder het zoek criterium
EditInventoryDataGridFilterSearchFilterTag;Filter de lijst op
EditInventoryDataGridFilterSearchFilterTooltip;Filter onderstaande lijstZoek met de hier ingevoerde tekst toon en markeer alleen regels met dit criterium
EditInventoryDataGridFilterSearchFilterClearTooltip;Verwijder het filter criterium en toon de volledige lijst
EditInventoryDataGridSearchTooltip;Schakel om naar Filteren
EditInventoryDataGridFilterTooltip;Schakel om naar Zoeken
EditInventoryOrdersSupplierText;Leverancier
EditInventoryOrdersSupplierTag;Selecteer leverancier
EditInventoryOrdersSupplierTooltip;Selecteer de leverancier die dit product levert
EditInventoryOrdersSupplierOrderText;Bestelling
EditInventoryOrdersSupplierOrderTag;Selecteer bestelling
EditInventoryOrdersSupplierOrderTooltip;Selecteer eventueel een bestaande bestelling
EditInventoryOrdersSupplierOrderCostsText;Ordergrootte
EditInventoryOrdersSupplierOrderNumberText;Bestelnummer
EditInventoryOrdersSupplierOrderNumberTooltipText;Het bestelnummer is een verplicht veld
EditInventoryOrdersSupplierOrderDateText;Besteldatum
EditInventoryOrdersSupplierOrderDateTooltipText;De besteldatum is een verplicht veld
EditInventoryOrdersSupplierOrderSendCostsText;Verzendkosten
EditInventoryOrdersSupplierOrderOrderCostsText;Orderkosten
EditInventoryOrdersSupplierOrderTotalCostsText;Totaal
EditInventoryOrdersSupplierToolbarClearTooltip;Reset de bestelling
EditInventoryOrdersSupplierToolbarSaveTooltip;Sla de bestelling op en werk, indien nodig, de artikelen per leverancier bij
EditInventoryOrdersSupplierToolbarDeleteTooltip;Verwijder deze geselecteerde bestelling
EditInventoryOrdersSupplierToolbarNoDeleteTooltip;Bij de geselecteerde besteling zijn al ontvangsten geboekt, verwijderen niet mogelijk
EditOrderTitle;Bestelling
EditOrderSubtitle;Registreer bestelling bij een leverancier
EditOrderSelectOrderRowsText;Selecteer, in de lijst hieronder, de productregels die besteld moeten worden
EditOrderOrderRowsText;Geef de bestelde aantallen en prijzen
EditOrderDataGridHeaderId;Id
EditOrderDataGridHeaderCode;Zoeknaam
EditOrderDataGridHeaderSupplierCode;Bestelnummer
EditOrderDataGridHeaderName;Produkt
EditOrderDataGridHeaderPrice;Stukprijs
EditOrderDataGridHeaderSupplierPrice;Inkoopprijs
EditOrderDataGridHeaderMinStock;Minimaal
EditOrderDataGridHeaderOrderPer;Bestel per
EditOrderDataGridHeaderToOrder;Bestellen
EditOrderDataGridHeaderCategory;Categorie
EditOrderDataGridHeaderInventory;Voorraad
EditOrderDataGridHeaderInOrder;Besteld
EditOrderDataGridHeaderShort;Tekort
EditOrderDataGridHeaderOrder;Besteld
EditOrderDataGridFilterSearchSearchTag;Zoek in de lijst naar
EditOrderDataGridFilterSearchSearchTooltip;Zoek en markeer de hier ingevoerde tekst in onderstaande lijst en markeer
EditOrderDataGridFilterSearchSearchClearTooltip;Verwijder het zoek criterium
EditOrderDataGridFilterSearchFilterTag;Filter de lijst op
EditOrderDataGridFilterSearchFilterTooltip;Filter onderstaande lijstZoek met de hier ingevoerde tekst toon en markeer alleen regels met dit criterium
EditOrderDataGridFilterSearchFilterClearTooltip;Verwijder het filter criterium en toon de volledige lijst
EditOrderDataGridSearchTooltip;Schakel om naar Filteren
EditOrderDataGridFilterTooltip;Schakel om naar Zoeken
EditReceiptTitle;Ontvangen bestelling
EditReceiptSubtitle;Registreer binnengekomen bestellingen
EditReceiptSupplierText;Leverancier
EditReceiptSupplierTag;Selecteer leverancier
EditReceiptSupplierTooltip;Selecteer de leverancier waarvan de bestelling is ontvangen
EditReceiptSupplierOrderText;Bestelling
EditReceiptSupplierOrderTag;Selecteer bestelling
EditReceiptSupplierOrderTooltip;Selecteer de ontvangen bestelling
EditReceiptSupplierOrderCostsText;Ordergrootte
EditReceiptSupplierOrderNumberText;Bestelnummer
EditReceiptSupplierOrderDateText;Besteldatum
EditReceiptSupplierReceiptDateText;Ontvangstdatum
EditReceiptSupplierOrderSendCostsText;Verzendkosten
EditReceiptSupplierOrderOrderCostsText;Orderkosten
EditReceiptSupplierOrderTotalCostsText;Totaal
EditReceiptToolbarClearTooltip;Reset de bestelling
EditReceiptToolbarSaveTooltip;Sla de bestelling op en werk, indien nodig, de artikelen per leverancier bij
EditReceiptToolbarDeleteTooltip;Verwijder deze geselecteerde bestelling
EditReceiptToolbarNoDeleteTooltip;Bij de geselecteerde besteling zijn al ontvangsten geboekt, verwijderen niet mogelijk
EditReceiptDataGridHeaderId;Id
EditReceiptDataGridHeaderSupplierCode;Bestelnummer
EditReceiptDataGridHeaderSupplierDescription;Omschrijving leverancier
EditReceiptDataGridHeaderOrdered;Besteld
EditReceiptDataGridHeaderReceived;Eerder ontvangen
EditReceiptDataGridHeaderToReceive;Ontvangen
EditReceiptSwitchCompleteTooltip;De gehele bestelling is compleet geleverd
EditReceiptSwitchCompleteTag;Compleet
EditReceiptSwitchIncompleteTooltip;De bestelling is nog niet compleet geleverd
EditReceiptSwitchIncompleteTag;Incompleet
EditOrderReportTitle;Bestellingen
EditOrderReportSubtitle;Overzicht van alle bestellingen
EditOrderReportDataGridHeaderOrderId;BestelId
EditOrderReportDataGridHeaderOrderNumber;Bestelnummer
EditOrderReportDataGridHeaderOrderDate;Besteldatum
EditOrderReportDataGridHeaderSupplierId;LeverancierId
EditOrderReportDataGridHeaderSupplier;Leverancier
EditOrderReportDataGridHeaderProductId;ArtikelId
EditOrderReportDataGridHeaderProductCode;Zoeknaam
EditOrderReportDataGridHeaderProductName;Artikel
EditOrderReportDataGridHeaderUnitPrice;Stuk prijs
EditOrderReportDataGridHeaderOrdered;Besteld
EditOrderReportDataGridHeaderReceived;Ontvangen
EditOrderReportDataGridHeaderExpected;Nalevering
EditOrderReportDataGridHeaderClosed;Compleet
EditOrderReportDataGridHeaderClosedDate;Datum compleet
EditOrderReportDataGridFilterSearchSearchTag;Zoek in de lijst naar
EditOrderReportDataGridFilterSearchSearchTooltip;Zoek en markeer de hier ingevoerde tekst in onderstaande lijst en markeer
EditOrderReportDataGridFilterSearchSearchClearTooltip;Verwijder het zoek criterium
EditOrderReportDataGridFilterSearchFilterTag;Filter de lijst op
EditOrderReportDataGridFilterSearchFilterTooltip;Filter onderstaande lijstZoek met de hier ingevoerde tekst toon en markeer alleen regels met dit criterium
EditOrderReportDataGridFilterSearchFilterClearTooltip;Verwijder het filter criterium en toon de volledige lijst
EditOrderReportDataGridSearchTooltip;Schakel om naar Filteren
EditOrderReportDataGridFilterTooltip;Schakel om naar Zoeken
EditReceiptReportTitle;Leveringen
EditReceiptReportSubtitle;Overzicht van alle (deels) geleverde bestellingen
EditReceiptReportDataGridHeaderRowClosed;Volledig
EditReceiptReportDataGridHeaderOrderDate;BestelId
EditReceiptReportDataGridHeaderOrderNumber;Bestelnummer
EditReceiptReportDataGridHeaderSupplier;Leverancier
EditReceiptReportDataGridHeaderProductCode;Zoeknaam
EditReceiptReportDataGridHeaderProductName;Artikelomschrijving
EditReceiptReportDataGridHeaderOrdered;Besteld
EditReceiptReportDataGridHeaderReceivedDate;Datum
EditReceiptReportDataGridHeaderReceived;Geleverd
EditReceiptReportDataGridHeaderIsOrderLine;IsOrderRegel
EditReceiptReportDataGridFilterSearchSearchTag;Zoek in de lijst naar
EditReceiptReportDataGridFilterSearchSearchTooltip;Zoek en markeer de hier ingevoerde tekst in onderstaande lijst en markeer
EditReceiptReportDataGridFilterSearchSearchClearTooltip;Verwijder het zoek criterium
EditReceiptReportDataGridFilterSearchFilterTag;Filter de lijst op
EditReceiptReportDataGridFilterSearchFilterTooltip;Filter onderstaande lijstZoek met de hier ingevoerde tekst toon en markeer alleen regels met dit criterium
EditReceiptReportDataGridFilterSearchFilterClearTooltip;Verwijder het filter criterium en toon de volledige lijst
EditReceiptReportDataGridSearchTooltip;Schakel om naar Filteren
EditReceiptReportDataGridFilterTooltip;Schakel om naar Zoeken
EditProductProductSupplierUnSavedChanges;"Let de wijzigingen zijn nog niet opgelagen
ExportProductSupplierTitle;Leveranciers per product Exporteren
ExportProductSupplierSubtitle;Exporteer leveranciers per product naar een CSV bestand
ExportProductSupplierFilename;Leveranciers per product
ExportProductSupplierButtonLabel;Productleverancier
ExportProductSupplierButtonTooltip;Selecteer het te importeren CSV bestand met leveranciers per product
ExportProductSupplierEmpty;Er zijn geen leveranciers per product beschikbaar om te exporteren
ExportProductSupplierButtonText;Leveranciers pp
ImportProductSupplierTitle;Leveranciers per product Importeren
ImportProductSupplierSubtitle;Importeer leveranciers per product uit een CSV bestand, hierin staan uitsluitend Leveranciernamen
ImportProductSupplierFilename;Importeer leveranciers per product
ImportProductSupplierMessageboxErrorExistingLong;Ingelezen leverancier bestaat al in de tabel
ImportProductSupplierMessageboxErrorExistingShort;Leverancier Bestaat al
ImportProductSupplierButtonLabel;Productleverancier
ImportProductSupplierButtonTooltip;Selecteer het te importeren CSV bestand met leveranciers per product
ImportProductSupplierFileDialogDescription;Selecteer het te importeren CSV bestand met leveranciers per product
ImportProductSupplierFileDialogFilterText;CSV Bestanden
ImportProductSupplierButtonText;Leveranciers pp
EditSupplierTitle;Leveranciers beheren
EditSupplierSubtitle;Wijzig een leverancier, voeg toe of verwijder
EditSupplierNameLabel;Leveranciernaam:
EditSupplierNameTag;Leveranciernaam
EditSupplierActionTooltipAdd;Leverancier toevoegen aan de tabel
EditSupplierActionTooltipDelete;Geselecteerde leverancier verwijderen uit de tabel
EditSupplierActionTooltipSave;Gewijzigde leverancier opslaan
EditSupplierDataGridHeaderId;Id
EditSupplierDataGridHeaderName;Leverancier
EditSupplierDataGridHeaderMail;E-mail adres
EditSupplierDataGridHeaderPhone;Telefoonnummer
EditSupplierDataGridHeaderType;Functie
EditSupplierDataGridHeaderTypeId;Functie Id
EditSupplierTabGeneralLabel;Basisgegevens
EditSupplierTabGeneralGroupAddressGroupLabel;Leverancier gegevens
EditSupplierTabGeneralGroupAddressNameLabel;Naam:
EditSupplierTabGeneralGroupAddressNameTag;Leveranciernaam
EditSupplierTabGeneralGroupAddressNameTooltip;Volledige naam van de leverancier
EditSupplierTabGeneralGroupAddressCodeLabel;Zoekcode:
EditSupplierTabGeneralGroupAddressCodeTag;Zoeknaam
EditSupplierTabGeneralGroupAddressCodeTooltip;Korte unieke code om de leverancier te kunnen zoeken/
EditSupplierTabGeneralGroupAddressAddressLabel;Adres
EditSupplierTabGeneralGroupAddressAddressTag;Adres
EditSupplierTabGeneralGroupAddressAddressTooltip;Adres
EditSupplierTabGeneralGroupAddressCityLabel;Plaats
EditSupplierTabGeneralGroupAddressCityTag;Plaats
EditSupplierTabGeneralGroupAddressCityTooltip;Plaats
EditSupplierTabGeneralGroupAddressCountryLabel;Land
EditSupplierTabGeneralGroupAddressCountryTag;Land
EditSupplierTabGeneralGroupAddressCountryTooltip;Land
EditSupplierTabGeneralGroupAddressUrlLabel;Website
EditSupplierTabGeneralGroupAddressUrlTag;Website
EditSupplierTabGeneralGroupAddressUrlTooltip;Website van de leverancier
EditSupplierTabGeneralGroupAddressUrlButtonTooltip;Open de website van de leverancier in je browser
EditSupplierTabGeneralGroupAddressZipLabel;Postcode
EditSupplierTabGeneralGroupAddressZipTag;Postcode
EditSupplierTabGeneralGroupAddressZipTooltip;Postcode
EditSupplierTabGeneralGroupFinanceGroupLabel;Financiële gegevens
EditSupplierTabGeneralGroupFinanceCurrencyLabel;Standaard valuta
EditSupplierTabGeneralGroupFinanceCurrencyTag;Standaard valuta
EditSupplierTabGeneralGroupFinanceCurrencyTooltip;Standaard valuta
EditSupplierTabGeneralGroupFinanceMaxValueLabel;Tot bedrag
EditSupplierTabGeneralGroupFinanceMaxValueTag;Tot bedrag
EditSupplierTabGeneralGroupFinanceMaxValueTooltip;Tot bedrag
EditSupplierTabGeneralGroupFinanceOrderCostsLabel;Order kosten
EditSupplierTabGeneralGroupFinanceOrderCostsTag;Order kosten
EditSupplierTabGeneralGroupFinanceOrderCostsTooltip;Order kosten
EditSupplierTabGeneralGroupFinanceSendCostsLabel;Verzendkosten
EditSupplierTabGeneralGroupFinanceSendCostsTag;Verzendkosten
EditSupplierTabGeneralGroupFinanceSendCostsTooltip;Verzendkosten
EditSupplierTabContactsActionDeleteTooltip;Verwijder geselekteerde contactpersoon
EditSupplierTabContactsActionNewTooltip;Contact(persoon) bij leverancier toevoegen
EditSupplierTabContactsActionResetTooltip;Maak alle ingevulde velden leeg
EditSupplierTabContactsActionSaveTooltip;Wijzigingen opslaan
EditSupplierTabContactsLabel;Contactpersonen
EditSupplierTabContactGroupGroupLabel;Contact gegevens
EditSupplierTabContactGroupContactMailLabel;E-mail adres
EditSupplierTabContactGroupContactMailTag;E-mail adres
EditSupplierTabContactGroupContactMailTooltip;E-mail adres
EditSupplierTabContactGroupContactNameLabel;Volledige naam
EditSupplierTabContactGroupContactNameTag;Volledige naam
EditSupplierTabContactGroupContactNameTooltip;Volledige naam
EditSupplierTabContactGroupContactPhoneLabel;Telefoonnummer
EditSupplierTabContactGroupContactPhoneTag;Telefoonnummer
EditSupplierTabContactGroupContactPhoneTooltip;Telefoonnummer
EditSupplierTabContactGroupContactTypeLabel;Functie
EditSupplierTabContactGroupContactTypeTag;Functie
EditSupplierTabContactGroupContactTypeTooltip;Functie
EditSupplierTabContactGroupContactLabel;Communicatiekanalen per leverancier
EditSupplierTabContactDataGridHeaderId;Id
EditSupplierTabContactDataGridHeaderName;Naam
EditSupplierTabContactDataGridHeaderMail;E-mail
EditSupplierTabContactDataGridHeaderPhone;Telefoon
EditSupplierTabContactDataGridHeaderType;Functie
EditSupplierTabContactDataGridHeaderTypeId;Functie Id
EditSupplierTabMemoLabel;Aanvullende informatie
EditSupplierTabHistoryLabel;Order historie
ExportContactTypeTitle;Functies van contactpersonen Exporteren
ExportContactTypeSubtitle;Exporteer functies van contactpersonen naar een CSV bestand
ExportContactTypeFilename;Functies van contactpersonen
ExportContactTypeButtonLabel;Functies
ExportContactTypeButtonTooltip;Selecteer het te importeren CSV bestand met functies van contactpersonen
ExportContactTypeEmpty;Er zijn geen functies van contactpersonen beschikbaar om te exporteren
ExportContactTypeButtonText;Functies
ImportContactTypeTitle;Functies van contactpersonen Importeren
ImportContactTypeSubtitle;Importeer functies van contactpersonen uit een CSV bestand, hierin staan uitsluitend Leveranciernamen
ImportContactTypeFilename;Importeer functies van contactpersonen
ImportContactTypeMessageboxErrorExistingLong;Ingelezen functie bestaat al in de tabel
ImportContactTypeMessageboxErrorExistingShort;Functie Bestaat al
ImportContactTypeButtonLabel;Persoonsfunctie
ImportContactTypeButtonTooltip;Selecteer het te importeren CSV bestand met functies van contactpersonen
ImportContactTypeFileDialogDescription;Selecteer het te importeren CSV bestand met functies van contactpersonen
ImportContactTypeFileDialogFilterText;CSV Bestanden
ImportContactTypeButtonText;Functies
EditContactTypeTitle;Functies van contactpersonen beheren
EditContactTypeSubtitle;Wijzig een functie van contactpersonen, voeg toe of verwijder
EditContactTypeNameLabel;Functie:
EditContactTypeNameTag;Functie van contactpersonen
EditContactTypeNameTooltip;De functie die een contactpersoon kan bekleden
EditContactTypeActionTooltipAdd;Functie toevoegen aan de tabel
EditContactTypeActionTooltipDelete;Geselecteerde functie verwijderen uit de tabel
EditContactTypeActionTooltipSave;Gewijzigde functie opslaan
EditContactTypeDataGridHeaderId;Id
EditContactTypeDataGridHeaderName;Functie
ExportProjectTitle;Projecten Exporteren
ExportProjectSubtitle;Exporteer projecten naar een CSV bestand
ExportProjectFilename;Projecten
ExportProjectButtonLabel;Project
ExportProjectButtonTooltip;Selecteer het te importeren CSV bestand met projecten
ExportProjectEmpty;Er zijn geen projecten beschikbaar om te exporteren
ExportProjectButtonText;Projecten
ImportProjectTitle;Projecten Importeren
ImportProjectSubtitle;Importeer projecten uit een CSV bestand, hierin staan uitsluitend projectnamen
ImportProjectFilename;Importeer projecten
ImportProjectMessageboxErrorExistingLong;Ingelezen project bestaat al in de tabel
ImportProjectMessageboxErrorExistingShort;Project Bestaat al
ImportProjectButtonLabel;Project
ImportProjectButtonTooltip;Selecteer het te importeren CSV bestand met projecten
ImportProjectFileDialogDescription;Selecteer het te importeren CSV bestand met projecten
ImportProjectFileDialogFilterText;CSV Bestanden
ImportProjectButtonText;Projecten
EditProjectTitle;Projekten beheren
EditProjectSubtitle;Wijzig een projekt, voeg toe of verwijder
EditProjectNameLabel;Projektnaam:
EditProjectNameTag;Projektnaam
EditProjectActionTooltipAdd;Projekt toevoegen aan de tabel
EditProjectActionTooltipDelete;Geselecteerde projekt verwijderen uit de tabel
EditProjectActionTooltipSave;Gewijzigde projekt opslaan
EditProjectDataGridHeaderId;Id
EditProjectDataGridHeaderCode;Zoeknaam
EditProjectDataGridHeaderName;Projektnaam
EditProjectDataGridHeaderStartDate;Startdatum
EditProjectDataGridHeaderEndDate;Einddatum
EditProjectDataGridHeaderCompleted;Gereed
EditProjectTabGeneralLabel;Projekt gegevens
EditProjectTabGeneralGroupDetailsText;Project details
EditProjectTabGeneralGroupDetailsCodeLabel;Zoeknaam
EditProjectTabGeneralGroupDetailsCodeTag;Zoeknaam
EditProjectTabGeneralGroupDetailsCodeTooltip;Geef de zoeknaam voor dit projekt
EditProjectTabGeneralGroupDetailsDescriptionLabel;Projectnaam
EditProjectTabGeneralGroupDetailsDescriptionTag;Projectnaam
EditProjectTabGeneralGroupDetailsDescriptionTooltip;Geef dit project een naam
EditProjectTabGeneralGroupDetailsStartdateLabel;Startdatum
EditProjectTabGeneralGroupDetailsStartdateTag;Selecteer datum
EditProjectTabGeneralGroupDetailsStartdateTooltip;Startdatum van dit projekt
EditProjectTabGeneralGroupDetailsExpectedEnddateLabel;Verwachte einddatum
EditProjectTabGeneralGroupDetailsExpectedEnddateTag;Selecteer datum
EditProjectTabGeneralGroupDetailsExpectedEnddateTooltip;Verwachte datum gereed
EditProjectTabGeneralGroupDetailsEnddateLabel;Einddatum
EditProjectTabGeneralGroupDetailsEnddateTag;Selecteer datum
EditProjectTabGeneralGroupDetailsEnddateTooltip;Datum gereed
EditProjectTabGeneralGroupDetailsCompletedLabel;Project status
EditProjectTabGeneralGroupDetailsCompletedTag;Gereed
EditProjectTabGeneralGroupDetailsCompletedTooltip;Meld het het project niet gereed
EditProjectTabGeneralGroupDetailsNotCompletedTag;Mee bezig
EditProjectTabGeneralGroupDetailsNotCompletedTooltip;Meld het project gereed
EditProjectTabGeneralGroupTimeText;Bouwtijd
EditProjectTabGeneralGroupTimeProgressText;Voortgang
EditProjectTabGeneralGroupTimeProgressConstructionLabel;Bouwtijd
EditProjectTabGeneralGroupTimeProgressConstructionShortTag;Bouwtijd
EditProjectTabGeneralGroupTimeProgressConstructionShortTooltip;Bouwtijd in uren
EditProjectTabGeneralGroupTimeProgressConstructionLongTag;Bouwtijd (lang)
EditProjectTabGeneralGroupTimeProgressConstructionLongTooltip;Bouwtijd uitgebreide notatie
EditProjectTabGeneralGroupTimeProgressBusinessdaysLabel;Werkdagen
EditProjectTabGeneralGroupTimeProgressBusinessdaysTag;Werkdagen
EditProjectTabGeneralGroupTimeProgressBusinessdaysTooltip;Bouwtijd in werkdagen
EditProjectTabGeneralGroupTimeProgressShortestDayLabel;Kortste werkdag
EditProjectTabGeneralGroupTimeProgressShortestDayDateTag;Datum
EditProjectTabGeneralGroupTimeProgressShortestDayDateTooltip;Datum dag met de kortste bouwtijd
EditProjectTabGeneralGroupTimeProgressShortestDayTimeTag;Bouwtijd
EditProjectTabGeneralGroupTimeProgressShortestDayTimeTooltip;Bestede uren op de kortste bouwdag
EditProjectTabGeneralGroupTimeProgressLongestDayLabel;Langste werkdag
EditProjectTabGeneralGroupTimeProgressLongestDayDateTag;Datum
EditProjectTabGeneralGroupTimeProgressLongestDayDateTooltip;Datum dag met de langste bouwtijd
EditProjectTabGeneralGroupTimeProgressLongestDayTimeTag;Bouwtijd
EditProjectTabGeneralGroupTimeProgressLongestDayTimeTooltip;Bestede uren op de langste bouwdag
EditProjectTabGeneralGroupTimeProgressAverageLabel;Uren per dag
EditProjectTabGeneralGroupTimeProgressAverageTag;Uren per dag
EditProjectTabGeneralGroupTimeProgressAverageTooltip;Gemiddelde bouwtijd per dag (uren:minuten)
EditProjectTabGeneralGroupTimeExpectationText;Verwachting
EditProjectTabGeneralGroupTimeExpecationTimeLabel;Verwachte bouwtijd
EditProjectTabGeneralGroupTimeExpecationTimeTag;Uren
EditProjectTabGeneralGroupTimeExpecationTimeTooltip;Verwachte bouwtijd in uren
EditProjectTabGeneralGroupTimeExpecationTimeSuffix;(uren)
EditProjectTabGeneralGroupTimeExpectationBusinessdaysLabel;Werkdagen
EditProjectTabGeneralGroupTimeExpectationBusinessdaysTag;Dagen
EditProjectTabGeneralGroupTimeExpectationBusinessdaysTooltip;Verwachte bouwtijd in werkdagen
EditProjectTabGeneralGroupTimeExpectationBusinessdaysLongTag;Dagen
EditProjectTabGeneralGroupTimeExpectationBusinessdaysLongTooltip;Verwachte bouwtijd
EditProjectTabGeneralGroupTimeTogoText;Nog te gaan
EditProjectTabGeneralGroupTimeTogoHoursLabel;Uren
EditProjectTabGeneralGroupTimeTogoHoursTag;Uren
EditProjectTabGeneralGroupTimeTogoHoursTooltip;Resterende bouwtijd
EditProjectTabGeneralGroupTimeTogoDaysLabel;In dagen
EditProjectTabGeneralGroupTimeTogoDaysTag;Dagen
EditProjectTabGeneralGroupTimeTogoDaysTooltip;Resterende bouwtijd in dagen
EditProjectTabGeneralGroupTimeErrorInvalidTime;Nog geen werktijden ingevoerd
EditProjectTabTimeDataGridHeaderId;Id
EditProjectTabTimeDataGridHeaderYear;Jaar
EditProjectTabTimeDataGridHeaderYearDay;Jaar/dag
EditProjectTabTimeDataGridHeaderYearMonth;Jaar/maand
EditProjectTabTimeDataGridHeaderWorkedMinutes;Gewerkte minuten
EditProjectTabTimeDataGridHeaderWorktypeName;Werksoort
EditProjectTabTimeDataGridHeaderDay;Dag
EditProjectTabTimeDataGridHeaderWorkDate;Werkdag
EditProjectTabTimeDataGridHeaderMonth;Maand
EditProjectTabTimeDataGridHeaderWorkTime;Besteed
EditProjectTabCostsDataGridHeaderId;Id
EditProjectTabCostsDataGridHeaderCategory;Categorie
EditProjectTabCostsDataGridHeaderProduct;Artikel
EditProjectTabCostsDataGridHeaderAmount;Aantal
EditProjectTabCostsDataGridHeaderPrice;Stukprijs
EditProjectTabCostsDataGridHeaderCost;Toraal
EditProjectTabCostsDataGridHeaderComment;Opmerkingen
EditProjectTabGeneralGroupCostsText;Kosten
EditProjectTabGeneralGroupCostsMaterialLabel;Materiaal kosten
EditProjectTabGeneralGroupCostsMaterialTag;Materiaal
EditProjectTabGeneralGroupCostsMaterialTooltip;Welke materiaalkosten zijn gemaakt voor dit projekt
EditProjectTabGeneralGroupCostsHoursLabel;Doorberekende uren
EditProjectTabGeneralGroupCostsHoursTag;Uren
EditProjectTabGeneralGroupCostsHoursTooltip;Wat zijn de gedeclareerde bouw kosten voor dit projekt
EditProjectTabGeneralGroupCostsTotalLabel;Totale kosten
EditProjectTabGeneralGroupCostsTotalTag;Totaal
EditProjectTabGeneralGroupCostsTotalTooltip;Totale klosten van dit projekt
EditProjectTabMemoLabel;Aanvullende informatie
EditProjectTabBuildTimeLabel;Bouw tijd
EditProjectTabBuildCostsLabel;Project kosten
EditProjectTabDashboardLabel;Dashboard
EditProjectTabDashboardWorkedHoursPerPeriodLabel;Gewerkte uren per periode
EditProjectTabDashboardWorkedHoursPerWorktypeLabel;Gewerkte uren per werksoort
EditProjectTabDashboardCostsPerWorkTypyLabel;Kosten per werksoort
EditProjectTabDashboardWorkedHoursPerYearAndMonthLabel;Jaaroverzicht uren
ExportUnitTitle;Eenheden Exporteren
ExportUnitSubtitle;Exporteer eenheden naar een CSV bestand
ExportUnitFilename;Eenheden
ExportUnitButtonLabel;Eenheden
ExportUnitButtonTooltip;Selecteer het te importeren CSV bestand met eenheden
ExportUnitEmpty;Er zijn geen eenheden beschikbaar om te exporteren
ExportUnitButtonText;Eenheden
ImportUnitTitle;Eenheden Importeren
ImportUnitSubtitle;Importeer eenheden uit een CSV bestand, hierin staan uitsluitend eenhedennamen
ImportUnitFilename;Importeer eenheden
ImportUnitMessageboxErrorExistingLong;Ingelezen eenheden bestaat al in de tabel
ImportUnitMessageboxErrorExistingShort;Eenheden Bestaat al
ImportUnitButtonLabel;Eenheden
ImportUnitButtonTooltip;Selecteer het te importeren CSV bestand met eenheden
ImportUnitFileDialogDescription;Selecteer het te importeren CSV bestand met eenheden
ImportUnitFileDialogFilterText;CSV Bestanden
ImportUnitButtonText;Eenheden
EditUnitTitle;Eenheden beheren
EditUnitSubtitle;Wijzig een eenheid, voeg toe of verwijder
EditUnitNameLabel;Eenheid:
EditUnitNameTag;Eenheid
EditUnitNameTooltip;Geeef de naam van de eenheid in
EditUnitActionTooltipAdd;Eenheid toevoegen aan de tabel
EditUnitActionTooltipDelete;Geselecteerde eenheid verwijderen uit de tabel
EditUnitActionTooltipSave;Gewijzigde eenheid opslaan
EditUnitDataGridHeaderId;Id
EditUnitDataGridHeaderName;Eenheid
ExportWorkTypeTitle;Werksoorten Exporteren
ExportWorkTypeSubtitle;Exporteer werksoorten naar een CSV bestand
ExportWorkTypeFilename;Werksoorten
ExportWorkTypeButtonLabel;Werksoorten
ExportWorkTypeButtonTooltip;Selecteer het te importeren CSV bestand met werksoorten
ExportWorkTypeEmpty;Er zijn geen werksoorten beschikbaar om te exporteren
ExportWorkTypeButtonText;Werksoorten
ImportWorkTypeTitle;Werksoorten Importeren
ImportWorkTypeSubtitle;Importeer werksoorten uit een CSV bestand, hierin staan uitsluitend werksoortennamen
ImportWorkTypeFilename;Importeer werksoorten
ImportWorkTypeMessageboxErrorExistingLong;Ingelezen werksoorten bestaat al in de tabel
ImportWorkTypeMessageboxErrorExistingShort;Werksoorten Bestaat al
ImportWorkTypeButtonLabel;Werksoorten
ImportWorkTypeButtonTooltip;Selecteer het te importeren CSV bestand met werksoorten
ImportWorkTypeFileDialogDescription;Selecteer het te importeren CSV bestand met werksoortenn
ImportWorkTypeFileDialogFilterText;CSV Bestanden
ImportWorkTypeButtonText;Werksoorten
EditWorktypeTitle;Werksoorten beheren
EditWorktypeSubtitle;Wijzig een werksoort, voeg toe of verwijder
EditWorktypeNameLabel;Werksoort:
EditWorktypeNameTag;Werksoort
EditWorktypeNameTooltip;Omschrijving van het soort werkzaamheden (waar heb je aan gewerkt?)
EditWorktypeIdLabel;Id:
EditWorktypeIdTag;Id
EditWorktypeIdTooltip;Id
EditWorktypeParentIdLabel;ParentId:
EditWorktypeParentIdTag;ParentId
EditWorktypeParentIdTooltip;ParentId
EditWorktypeActionTooltipAddTask;Werksoort toevoegen aan de tabel, op niveau van geselecteerde werksoort
EditWorktypeActionTooltipAddSubTask;Werksoort toevoegen aan de tabel, met geselecteerde werksoort als hoofdwerksoort
EditWorktypeActionTooltipDelete;Geselecteerde werksoort, en onderliggende werksoorten, verwijderen uit de tabel
EditWorktypeActionTooltipSave;Gewijzigde werksoort opslaan
EditWorktypeActionContextMenuLabelExpand;Werksoorten openklappen
EditWorktypeActionContextMenuLabelCollapse;Werksoorten dichtklappen
EditWorktypeActionContextMenuLabelSave;Wijzigingen opslaan
EditWorktypeActionContextMenuLabelAddTask;Werksoort toevoegen
EditWorktypeActionContextMenuLabelAddSubTask;Subwerksoort toevoegen
EditWorktypeActionContextMenuLabelDeleteTask;Verwijder werksoort
EditWorktypeActionTooltipExpand;Alle (sub)werksoorten openklappen
EditWorktypeActionTooltipCollapse;Alle (sub)werksoorten dicktklappen
EditWorktypeDataGridHeaderId;Id
EditWorktypeDataGridHeaderParentId;ParentId
EditWorktypeDataGridHeaderName;Werksoortnaam
ExportSupplierTitle;Leveranciers Exporteren
ExportSupplierSubtitle;Exporteer leveranciers naar een CSV bestand
ExportSupplierFilename;Leveranciers
ExportSupplierButtonLabel;Leverancier
ExportSupplierButtonTooltip;Selecteer het te importeren CSV bestand met leveranciers
ExportSupplierEmpty;Er zijn geen leveranciers beschikbaar om te exporteren
ExportSupplierButtonText;Leveranciers
ImportSupplierTitle;Leveranciers Importeren
ImportSupplierSubtitle;Importeer leveranciers uit een CSV bestand, hierin staan uitsluitend leveranciernamen
ImportSupplierFilename;Importeer leveranciers
ImportSupplierMessageboxErrorExistingLong;Ingelezen leverancier bestaat al in de tabel
ImportSupplierMessageboxErrorExistingShort;Leverancier Bestaat al
ImportSupplierButtonLabel;Leverancier
ImportSupplierButtonTooltip;Selecteer het te importeren CSV bestand met leveranciers
ImportSupplierFileDialogDescription;Selecteer het te importeren CSV bestand met leveranciers
ImportSupplierFileDialogFilterText;CSV Bestanden
ImportSupplierButtonText;Leveranciers
EditSupplierContactNoContactSelectedError;Geen contactpersoon geselecteerd
EditSupplierNoSupplierSelectedError;Geen leverancier geselecteerd
EditSupplierSupplierCodeEmpty;Niet opgeslagen, geen zoeknaam voor de leverancier ingegeven
EditSupplierSupplierNameEmpty;Niet opgeslagen, geen naam voor de leverancier ingegeven
EditSupplierSupplierCodeAndNameEmpty;Niet opgeslagen, geen zoeknaam en naam voor de leverancier ingegeven
EditSupplierSupplierCodeExcist;Niet opgeslagen, zoeknaam bestaat al
EditSupplierSupplierNameExcist;Niet opgeslagen, naam bestaat al
EditSupplierSupplierCodeAndNameExcist;Niet opgeslagen, zoeknaam en naam bestaan al
EditSupplierAdded;Niewe leverancier opgeslagen
EditSupplierChanged;Leverancier gegevens aangepast
ExportSupplierContactTitle;Contact personen per leverancier Exporteren
ExportSupplierContactSubtitle;Exporteer contact personen per leverancier naar een CSV bestand
ExportSupplierContactFilename;Contact personen per leverancier
ExportSupplierContactButtonLabel;Contact personen
ExportSupplierContactButtonTooltip;Selecteer het te importeren CSV bestand met contact personen per leverancier
ExportSupplierContactEmpty;Er zijn geen contact personen per leverancier beschikbaar om te exporteren